{
    "accumulation" :"In the context of corporate finance, refers to profits that are added to the capital base of the company rather than paid out as dividends. In the context of investments, refers to the purchase by an institutional broker of a large number of shares over a period of time in order to avoid pushing the price of that share up. In the context of mutual funds, refers to the regular investing of a fixed amount while reinvesting dividends and capital gains. ",
    "arbitrage" :"Arbitrage refers to buying and selling the same security on different exchanges and at different price points. If a stock trades at $10 on one exchange and $10.50 on another, you could buy shares for $10 and sell them for $10.50 on the other market. You’d pocket the difference as profits.",
    "annual report" : "Annual reports inform shareholders about the company’s operations. It includes information about its finances like the company’s cash flow and management strategy.When you read an annual report, you’re judging the company’s solvency and financial situation.",
    "blockchain": "Blockchain is a stand-alone technology that strings together a series of transactions into blocks to form an incorruptible digital ledger that is distributed over a peer-to-peer network. Although most frequently associated with digital currency like Bitcoin and Ethereum, blockchain can be used for almost any kind of transaction with virtually any kind of information.",
    "broker":"An individual who is paid a commission for executing customer orders. Either a floor broker who executes orders on the floorof the exchange, or an upstairs broker who handles retail customers and their orders. Also, person who acts as an intermediary between a buyer and seller, usually charging a commission. A broker who specializes in stocks, bonds,commodities, or options acts as an agent and must be registered with the exchange where the securities are traded. Antithesis of dealer.",
    "beta":"The measure of an asset's risk in relation to the market (for example, the S&P500) or to an alternative benchmark or factors. Roughly speaking, a security with a beta of 1.5, will have move, on average, 1.5 times the market return. [More precisely, that stock's excess return (over and above a short-term money market rate) is expected to move 1.5 times the market excess return).] According to asset pricing theory, beta represents the type of risk, systematic risk, that cannot be diversified away. When using beta, there are a number of issues that you need to be aware of: (1) betas may change through time; (2) betas may be different depending on the direction of the market (i.e. betas may be greater for down moves in the market rather than up moves); (3) the estimated beta will be biased if the security does not frequently trade; (4) the beta is not necessarily a complete measure of risk (you may need multiple betas). Also, note that the beta is a measure of co-movement, not volatility. It is possible for a security to have a zero beta and higher volatility than the market. ",
    "bull market": "A time when stock prices are rising and market sentiment is optimistic. Generally, a bull market occurs when there is a rise of 20% or more in a broad market index over at least a two-month period.",
    "CAC 40 index":"The CAC 40 Index is main national stock exchange of France. The components of the index are found on Euronext, the cross-border European stock exchange. CAC 40 (which stands for Cotation Assistee en Continu or 'continuous assisted trading') is used as a benchmark index for funds investing in the French stock market. The index is also used to give investors a snapshot of the broader market conditions of the Euronext Paris, which is the largest stock exchange in Paris.",
    "cash asset ratio": "The cash asset ratio is a fundamental measurement tool that represents, as a percentage, the amount of highly liquid assets versus the amount of short-term liabilities. All the data needed to calculate the cash asset ratio can be found in a company’s financial statements. The cash asset ratio is one of several liquidity ratios used in fundamental analysis. " ,
    "capital gains":"A capital gain is an increase in value between the price an asset (such as real estate or stocks) is sold for and the price that an investor paid for the asset. If a home is purchased for $250,000 and sold for $315,000, the capital gain on that home is a $65,000 (excluding fees and commissions). The calculation is simply: Sale price – Purchase price = capital gain or in our example 315,000 – 250,000 = 65,000.",
    "cryptocurrencies":"Cryptocurrency is a digital currency that exists as a series of coded transactions on a blockchain (or digital ledger). Rather than money moving from one party to another via a bank, it moves completely from peer to peer. When looked at that way, investors who are novices to the crypto market can think of this virtual currency as being similar to PayPal or Venmo. However, that is where the similarities end.",
    "day trading":"Day trading is the practice of buying and selling securities within a single day. Although day traders will frequently enter and exit trades within several hours, or even several minutes, the recognized classification of a day trader is someone who enters and closes a position within the same day. Two distinguishing characteristics of day trading are the use of leverage (i.e. borrowed money) and the application of short-term trading strategies to profit from small price changes in highly liquid stocks or currencies.",
    "discount rate":"The discount rate has two meanings in the financial/investment community. The most common definition is when referring to the interest rate the Federal Reserve Banks charge to financial institutions who borrow money from their overnight discount window. The other definition is a measurement used by practitioners of fundamental analysis to determine the current value of cash flows when performing a discounted cash flow analysis. We'll take a look at each of these definitions separately.",
    "dow jones industrial average":"The Dow Jones Industrial Average (DJIA) is an index of 30 blue-chip stocks that use a variable known as the 'Dow Divider' to create a price-weighted average that fluctuates with price changes in the component stocks. The DJIA is intended to serve as a barometer for how the general economy is performing, and more specifically, how the stock market is performing.The stocks selected for the DJIA are publicly traded stocks listed on either the New York Stock Exchange or the NASDAQ. No single metric is used for selecting the stocks that make up the DJIA. Rather the editors of the Wall Street Journal, who select the DJIA component stocks, use general guidelines that require them to select large, well-established, and respected companies that are responsible for significant economic activity in the United States.",
    "equity income":"Equity income is primarily referred to as income that is generated from stock dividends. A dividend is a portion of a company’s earnings that is paid back to shareholders in the form of cash. Equity income investments, therefore, are defined in part by the inclusion of dividend-paying stocks.",
    "forex":"Forex (FX) is an abbreviation for the foreign exchange market. The forex market is the largest in the world and has the highest liquidity. Over 90% of the trading that takes place on the forex market involves the U.S. dollar. The forex market trades at a pace that is 12 times greater than the futures market and thirty times greater than the global equities market.Two common features of the forex market are that is a very liquid market and traders use high leverage to fund trades. These features make it an exciting, fast-paced market for investors. Currency trading was once the exclusive domain of institutional investors or extremely wealthy individuals. However, with the birth of the Internet and online trading, every investor can trade currencies through their online brokerage account.",
    "front-end load": "A front-end load is a sales charge that an investor pays at the time they purchase shares in a mutual fund. They are called front-end because they are paid once, at the time the shares are purchased, but they are not paid again. The opposite of a front-end load is a rear-end load. This is a redemption fee that is paid at the times the shares are withdrawn from the fund. Although most commonly thought of in reference to mutual funds, front-end loads are common for other investment instruments like annuities and life insurance policies. Front-end loads are paid to financial professionals (e.g. financial planners, brokers, investment advisors. This load is waived if the investor is putting money into a retirement plan such as a 401(k).",
    "fundamental analysis": "In its simplest form, fundamental analysis is a way of anticipating the value of a stock by studying the balance sheet, earnings, management, product lines and other elements of a company’s stock.",
    "futures contract":"A futures contract, otherwise known as trading futures involves a buyer and a seller who enter a legally binding contract to trade a specified amount of an asset at a particular date for a specific price. Futures contracts frequently involve commodities such as oil, soybeans, and wheat as these are assets that tend to fluctuate in price from month to month and are subject to systematic risk. However, futures contracts have expanded in scope to include precious metals (gold, silver, etc.), currencies, and even stock market indices and Treasury bills.",
    "mutual funds":"Every mutual fund is a company that combines money from multiple investors and invests those funds into securities that are dictated by the fund’s prospectus. For example, some mutual funds are exclusive to stocks, others to bonds, others to U.S. Treasuries, etc. The total money invested in the fund (i.e. the combined holdings from every investor) is known as the fund’s portfolio."
}